{"current":{"show_announcement_bar":true,"show_popup":false,"show_fixed_message":true,"header_layout":"classic","footer_layout":"classic","product_layout":"classic","image_loading_style":"fade-in","logo_mobile":"shopify:\/\/shop_images\/180616_WKO-RGB_Logo-FullColor-288x126px_3c2c7a2a-636a-4c3e-b114-51725d368cc8.png","mobile_logo_width":200,"logo_mobile_position":"center","logo_menu_position":"left","show_search_icon_mobile":true,"show_locale_selector":true,"show_currency_selector":true,"mobile_sidebar_position":"below","mobile_menu_background_color":"rgba(0,0,0,0)","mobile_menu_opacity":100,"mobile_menu_link_color":"rgba(0,0,0,0)","mobile_menu_link_hover_color":"rgba(0,0,0,0)","button_primary_padding":"regular","button_primary_bg_color":"#ffffff","button_primary_bg_color_transparency":50,"button_primary_border_color":"#000000","button_primary_text_color":"#000000","button_primary_bg_color--highlight":"#000000","button_primary_bg_color_transparency--highlight":100,"button_primary_border_color--highlight":"rgba(0,0,0,0)","button_primary_text_color--highlight":"#ffffff","button_primary_border_radius":0,"button_secondary_padding":"regular","button_secondary_bg_color":"rgba(0,0,0,0)","button_secondary_bg_color_transparency":0,"button_secondary_border_color":"#ffffff","button_secondary_text_color":"#ffffff","button_secondary_bg_color--highlight":"#ffffff","button_secondary_bg_color_transparency--highlight":100,"button_secondary_border_color--highlight":"#ffffff","button_secondary_text_color--highlight":"#000000","button_secondary_border_radius":0,"button_link_padding":"regular","button_link_text_color":"#43abd1","button_link_text_color--highlight":"#ccc","button_link_underline_style":"solid","button_link_underline_thickness":1,"button_cart_padding":"regular","button_cart_bg_color":"#c1a22f","button_cart_bg_color--highlight":"#000000","button_cart_border_color":"rgba(0,0,0,0)","button_cart_border_color--highlight":"rgba(0,0,0,0)","button_cart_text_color":"#fff","button_cart_text_color--highlight":"#fff","button_cart_icon":"","button_cart_icon_position":"left","button_cart_border_radius":2,"icon":"icon_solid","toggle_icon_style":"plus_and_minus","social_media_share_style":"rounded","breadcrumb_capitalization":"none","breadcrumb_separator":"arrow","breadcrumb_size":"regular","dropdown_style":"vertical","dropdown_position":"below-parent","dropdown_link_spacing":"medium","use_placeholders":true,"form_button_style":"button--secondary","display_heading_divider":true,"heading_divider_animation":"none","heading_divider_style":"short","heading_divider_width":2,"toggle_sidebar":false,"tab_style":"regular","table_styles_enabled":true,"qty_box_style":"box","qty_border_radius":0,"tag_style":"solid","mega_menu_1":true,"mega_menu_2":false,"mega_menu_3":false,"mega_menu_4":false,"mega_menu_5":false,"mega_menu_6":false,"mega_menu_7":false,"mega_menu_8":false,"mega_menu_9":false,"mega_menu_10":false,"shop_bg_color":"#ffffff","border_color":"#d3d3d3","regular_color":"#000000","link_color":"#c1a22f","link_hover_color":"#000000","heading_color":"#000000","banner_heading_color":"#ffffff","divider_color":"#000000","logo_text":"#153a64","header_background":"#ffffff","header_link_color":"#000000","header_link_hover_color":"#c1a22f","header_cart_badge_color":"#ae3333","cart_background_color":"#ffffff","show_dropdown_shadow":false,"dropdown_background":"#ffffff","dropdown_background_opacity":100,"dropdown_link_color":"#000000","dropdown_link_hover_color":"#000000","footer_background":"#000000","footer_border":"#ffffff","footer_link_color":"#ffffff","footer_link_hover_color":"#c1a22f","footer_text_color":"#ffffff","sale_color":"#ae3333","was_price_color":"#ae3333","product_hover_text_color":"#ffffff","product_hover_bg_color":"#000000","banner_bestseller":"#5571d2","banner_comingsoon":"#000000","banner_new":"#11c5d6","banner_preorder":"#5571d2","banner_sale":"#f9502c","banner_staffpick":"#222222","qty_icon_color":"#ffffff","qty_icon_hover_color":"#ffffff","qty_background_color":"#000000","qty_background_hover_color":"#c1a22f","regular__font":"oswald_n4","regular_font_size":20,"logo__font":"oswald_n4","logo_font_size":20,"logo_font_style":"uppercase","nav__font":"alegreya_sans_n4","nav_font_size":17,"nav_letter_spacing":1,"nav_font_style":"uppercase","dropdown_heading_font_size":17,"dropdown_font_size":17,"dropdown_letter_spacing":1,"dropdown_font_style":"none","button__font":"fjalla_one_n4","button_letter_spacing":0,"button_font_style":"uppercase","heading__font":"oswald_n3","heading_size":30,"heading_letter_spacing":2,"heading_font_style":"uppercase","preheading_font":"oswald_n3","preheading_size":15,"preheading_style":"none","subheading_font":"oswald_n3","subheading_size":15,"subheading_style":"none","banner_heading__font":"work_sans_n6","banner_heading_size":40,"banner_heading_style":"none","banner_text__font":"abel_n4","banner_text_size":15,"banner_text_letter_spacing":1,"footer_heading_font_size":20,"footer_font_size":16,"search_option":"product","search_title":"Search","search_placeholder":"What are you looking for?","search_heading_color":"#000000","search_display_style":"overlay","search_popup_bg":"#ffffff","search_menu":"","enable_autocomplete":true,"search_to_display":5,"show_secondary_image":false,"display_vendor":false,"thumbnail_hover_enabled":false,"thumbnail_text_alignment":"center","stickers_enabled":true,"sticker_shape":"square","sticker_position":"left","collection_swatches":false,"collection_swatches_shape":"circle","enable_shopify_review_comments":true,"enable_shopify_collection_badges":true,"display_product_quantity":true,"limit_quantity":true,"display_inventory_left":false,"inventory_threshold":10,"free_price_text":"Free","product_form_style":"dropdown","swatch_style":"square","notify_me_form":true,"notify_me_description":"<p>Notify me when this product is available:<\/p>","size_chart":"","enable_quickshop":true,"quickshop_button_style":"button--1","quickshop_show_vendor":false,"quickshop_show_price_savings":true,"show_dynamic_checkout_button":true,"quickshop_truncate_words":true,"quickshop_truncate_words_limit":34,"qs_popup_color":"#ffffff","show_product_gallery_thumbnails":true,"quickshop_arrows":true,"quickshop_magnify_images":true,"quickshop_speed":0,"quickshop_gallery_transition_styles":"slide","quickshop_thumbnail_position":"bottom-thumbnails","enable_thumbnail_slider":true,"quickshop_gallery_position":"left","video_looping":false,"cart_action":"redirect_cart","show_lock_icon":true,"cart_icon":"cart","display_special_instructions":false,"display_tos_checkbox":false,"tos_page":"","display_savings":true,"display_ajax_quantity_box":true,"cart_message":"","go_to_checkout":true,"enable_shipping_calculator":false,"shipping_calculator_default_country":"United States","currency_format":"money_with_currency_format","show_multiple_currencies":false,"supported_currencies":"USD CAD INR GBP AUD EUR JPY","default_currency":"USD","disqus_enabled":false,"disqus_shortname":"","twitter_link":"https:\/\/twitter.com\/pommello","facebook_link":"https:\/\/www.facebook.com\/pommello","youtube_link":"","vimeo_link":"","pinterest_link":"https:\/\/www.pinterest.ca\/pommello\/","tumblr_link":"","instagram_link":"https:\/\/instagram.com\/pommello","snapchat_link":"","houzz_link":"","linkedin_link":"","dribbble_link":"","behance_link":"","flickr_link":"","email_link":"","favicon":"shopify:\/\/shop_images\/Pommello_favicon_32x32_dd2b4d92-5be8-4174-b5ef-080f3cb03bb9.png","checkout_logo_image":"shopify:\/\/shop_images\/Pommello-corporate-logo_Pantone7753C.png","checkout_logo_position":"center","checkout_logo_size":"medium","checkout_body_background_image":"","checkout_body_background_color":"#ffffff","checkout_input_background_color_mode":"white","checkout_sidebar_background_image":"","checkout_sidebar_background_color":"#fafafa","checkout_heading_font":"-apple-system, BlinkMacSystemFont, 'Segoe UI', Roboto, Helvetica, Arial, sans-serif, 'Apple Color Emoji', 'Segoe UI Emoji', 'Segoe UI Symbol'","checkout_body_font":"-apple-system, BlinkMacSystemFont, 'Segoe UI', Roboto, Helvetica, Arial, sans-serif, 'Apple Color Emoji', 'Segoe UI Emoji', 'Segoe UI Symbol'","checkout_accent_color":"#197bbd","checkout_button_color":"#197bbd","checkout_error_color":"#e32c2b","icon_style":"icons","og_image_fallback":"shopify:\/\/shop_images\/trending-social-share-image.jpg","show_labels":false,"quikckshop_show_price_savings":true,"logo_width":200,"field_input_style":"square","btn1_font_size":16,"btn1_border_radius":0,"btn1_block":false,"btn1_bg_color":"#43abd1","btn1_border_color":"rgba(0,0,0,0)","btn1_text_color":"#ffffff","btn1_bg_color--highlight":"#d3d3d3","btn1_border_color--highlight":"rgba(0,0,0,0)","btn1_text_color--highlight":"#ffffff","btn2_font_size":16,"btn2_border_radius":0,"btn2_block":false,"btn2_bg_color":"#ffffff","btn2_border_color":"#000000","btn2_text_color":"#000000","btn2_bg_color--highlight":"#000000","btn2_border_color--highlight":"rgba(0,0,0,0)","btn2_text_color--highlight":"#ffffff","btn3_font_size":12,"btn3_border_radius":2,"btn3_bg_color":"#ffffff","btn3_bg_color_transparency":100,"btn3_bg_color--highlight":"#43abd1","btn3_bg_color_transparency--highlight":100,"btn3_border_color":"#43abd1","btn3_border_color--highlight":"#43abd1","btn3_text_color":"#43abd1","btn3_text_color--highlight":"#ffffff","btn3_icon":"","btn3_icon_position":"left","btn3_animation":"checkmark","text_alignment":"center","sale_banner_enabled":"true","banner_shape":"round","sale_banner_position":"left","sections":{"page__main":{"type":"page__main","settings":{"width":"standard","padding_top":40,"padding_bottom":40,"css_class":"","custom_css":""}},"404__banner":{"type":"404__banner","settings":{"show_banner":true,"image":"","image_darken":true,"width":"wide","banner_height":"large","padding_top":0,"padding_bottom":0,"css_class":"","custom_css":""}},"404__main":{"type":"404__main","settings":{"not_found_text":"<p>We're sorry, but the page you requested could not be found.<\/p><p>Try searching or <a href='\/collections\/all'>continue shopping<\/a>.<\/p>","display_search_field":true,"width":"standard","padding_top":40,"padding_bottom":40,"css_class":"","custom_css":""}},"cart__banner":{"type":"cart__banner","settings":{"show_banner":false,"image_darken":false,"subtitle":"","width":"standard","banner_height":"medium","padding_top":0,"padding_bottom":0,"css_class":"","custom_css":""}},"cart__main":{"type":"cart__main","settings":{"display_product_quantity_cart":true,"display_savings":true,"cart_message":"","width":"standard","padding_top":40,"padding_bottom":40,"css_class":"","custom_css":""}},"list-collections__main":{"type":"list-collections__main","settings":{"collections_per_row":3,"pagination_limit":48,"pagination_type":"basic_pagination","align_height":false,"collection_height":400,"button_style":"button--primary","overlay_background":"#227c9d","overlay_background_opacity":40,"overlay_text":"#ffffff","collection_title_below_image":false,"width":"standard","padding_top":40,"padding_bottom":40,"css_class":"","custom_css":""}},"blog__banner":{"type":"blog__banner","settings":{"show_banner":false,"image_darken":false,"subtitle":"Subheading","width":"wide","banner_height":"medium","padding_top":0,"padding_bottom":0,"css_class":"","custom_css":""}},"blog__main":{"type":"blog__main","settings":{"blog_tags":false,"blog_posts_per_row":3,"blog_posts_per_page":30,"pagination_type":"infinite_scroll","blog_author":false,"blog_date":true,"read_time":true,"blog_comment_count":true,"blog_show_tags":true,"blog_show_excerpt":true,"show_border":true,"button_label":"Read more","button_type":"button--primary","width":"standard","padding_top":40,"padding_bottom":40,"animation":"none","css_class":"","custom_css":""}},"blog__sidebar":{"type":"blog__sidebar","blocks":{"blog__sidebar-0":{"type":"featured_promo","settings":{"promo_background":"#eeeeee","promo_text":"#000000","richtext":"<p>Use this area for promotional information.<\/p>","button_label":"Shop now","button_style":"button--primary"}},"blog__sidebar-1":{"type":"menu","settings":{"menu":""}},"blog__sidebar-2":{"type":"text","settings":{"title":"Heading","text":"<p>Text area can be used for details about blog authors or general information.<\/p>"}}},"block_order":["blog__sidebar-0","blog__sidebar-1","blog__sidebar-2"],"settings":{"show_sidebar":false,"sidebar_position":"left","css_class":"","custom_css":""}},"product-image-scroll__main":{"type":"product-image-scroll__main","settings":{"product_breadcrumb":false,"enable_zoom":true,"enable_product_lightbox":true,"display_thumbnails":true,"slideshow_speed":3,"slideshow_transition":"slide","enable_thumbnail_slider":true,"display_vendor":false,"display_sku":false,"enable_shopify_product_badges":true,"display_savings":true,"display_collections":false,"display_type":false,"display_tags":false,"display_social_buttons":true,"product_description_position":"bottom","show_payment_button":true,"product_images_position":"left","set_product_height":false,"product_height":500,"video_looping":false,"width":"wide","padding_top":20,"padding_bottom":0,"css_class":"","custom_css":""}},"password__main":{"type":"password__main","settings":{"custom_logo":"","password-page-background":"","pagework_page_bg_stretched":false,"copyright_text":"","display_designed_by":true,"display_shopify":true,"social_media":true,"password_page_background_color":"#ffffff","password_page_text_color":"#000000","newsletter_title":"Subscribe","newsletter_richtext":"<p>Sign up to get the latest on sales, new releases and more …<\/p>","show_signup_form":true,"display_first_name":false,"display_last_name":false,"padding_top":40,"padding_bottom":40,"css_class":"","custom_css":""}},"header-centered":{"type":"header-centered","settings":{"logo_width":140,"logo_position":"between","main_linklist":"main-menu","menu_spacing":"maximum","dropdown_click":false,"enable_overlay":true,"show_text_shadow":false,"overlay_background":"#000000","overlay_background_opacity":20,"overlay_link_color":"#ffffff","overlay_link_hover_color":"#227c9d","overlay_logo_width":140,"enable_sticky":false,"display_search":true,"sticky_background_opacity":50,"scroll_logo_width":200,"width":"standard","css_class":"","custom_css":""}},"header-centered__top-bar":{"type":"header-centered__top-bar","settings":{"show_social_icons":true,"text":"","show_locale_selector":true,"show_currency_selector":true,"font":"open_sans_n4","font_style":"none","font_size":12,"letter_spacing":0,"top_bar_background":"rgba(0,0,0,0)","top_bar_link":"#000000","top_bar_link_hover":"#056486","top_bar_text":"rgba(0,0,0,0)","display_search":true,"icon_style":"icons","cart_button_background":"#43abd1","cart_button_text":"#ffffff","css_class":"","custom_css":""}},"announcement-bar":{"type":"announcement-bar","settings":{"icon_label":"","text":"<p>Test Top Announcement<\/p>","alignment":"center","size":"small","button_label":"","button_style":"button--primary","background":"#000000","text_color":"#ffffff","width":"wide","homepage_only":false,"enable_sticky":true,"show_close_icon":true,"css_class":"","custom_css":""}},"header__top-bar":{"type":"header__top-bar","blocks":{"header__top-bar-1":{"type":"social_media","settings":{}},"1d7db1d6-17e8-4ac3-b678-d93b98582a6f":{"type":"menu","settings":{"menu":"","menu_alignment":"end"}}},"block_order":["header__top-bar-1","1d7db1d6-17e8-4ac3-b678-d93b98582a6f"],"settings":{"show_top_bar":false,"font":"oswald_n4","font_style":"uppercase","font_size":12,"letter_spacing":1,"show_locale_selector":false,"show_currency_selector":false,"background":"#157abf","link_color":"#ffffff","link_hover_color":"#35c3e2","text_color":"#ffffff","width":"wide","css_class":"","custom_css":".icon svg {\n    height: 75%;\n    width: 75%;\n}"}},"header-classic":{"type":"header-classic","settings":{"logo_width":160,"main_linklist":"main-menu","menu_alignment":"end","dropdown_click":false,"display_search":true,"icon_style":"icons","enable_overlay":true,"show_text_shadow":true,"overlay_link_color":"#ffffff","overlay_link_hover_color":"#c1a22f","overlay_background":"#000000","overlay_background_opacity":0,"overlay_logo_width":150,"enable_sticky":true,"sticky_background_opacity":100,"scroll_logo_width":80,"width":"standard","vertical_alignment":"center","css_class":"custom_header","custom_css":""}},"mega-menu-1":{"type":"mega-menu-1","blocks":{"mega-menu-1-0":{"type":"menu","settings":{"menu_1":"main-menu"}},"mega-menu-1-1":{"type":"featured_promo","settings":{"image":"shopify:\/\/shop_images\/PommelloNewYears2021HowItWorksSection5_2000x_9f9516f4-ac81-4d6e-83cf-885767bff2c9.jpg","richtext":"<p>Best Products<\/p>","bgr_color":"#eeeeee","text_color":"#000000","promo_link":"shopify:\/\/products\/high-waist-long-last-running-yoga-pants-leggings","button_label":"Shop now","button_style":"button--primary"}},"mega-menu-1-2":{"type":"mixed","settings":{"richtext_top":"Your headline","image_top":"shopify:\/\/shop_images\/PommelloNewYears2021HowItWorksSection6_2000x_28d82298-ee8e-41f6-84ed-d5ca1ed07deb.jpg","image_caption_top":"<p>Best <\/p>","menu_1":"","menu_2":"","menu_3":"","menu_4":"","richtext_bottom":""}},"mega-menu-1-3":{"type":"empty_column","settings":{}},"mega-menu-1-4":{"type":"image","settings":{"image":"shopify:\/\/shop_images\/image.jpg","image_caption":"<p>Image caption appears here<\/p>"}},"mega-menu-1-5":{"type":"featured_product","settings":{"featured_product":"","richtext_bottom":""}}},"block_order":["mega-menu-1-0","mega-menu-1-1","mega-menu-1-2","mega-menu-1-3","mega-menu-1-4","mega-menu-1-5"],"settings":{"parent_link":"catalog","enable_mega_menu_border":false,"mega_menu_background_color":"#f6f6f6","mega_menu_text_color":"#404040","show_mega_bottom_bar":true,"mega_bottom_bar_icon":"","mega_bottom_bar_text":"Add your deal, information or promotional text","size":"regular","bottom_banner_bg":"#007ace","bottom_banner_text":"#efefef","css_class":"","custom_css":""}},"footer__icon-bar":{"type":"footer__icon-bar","settings":{"show_icon_bar":false,"alignment":"center","icon_position":"row","size":"medium","background":"#fff8e7","link_color":"#43abd1","link_hover_color":"#056486","text_color":"#000000","width":"standard","css_class":"","custom_css":""}},"footer-classic":{"type":"footer-classic","blocks":{"footer-classic-0":{"type":"logo","settings":{"size":"small","text":"","social_icons_footer":true}},"footer-classic-1":{"type":"link_list","settings":{"menu":"main-menu","social_icons_footer":false}},"60594955-a2c1-4fc4-b81d-ac5db68db33e":{"type":"link_list","settings":{"menu":"footer","social_icons_footer":false}},"f0ef94e3-fb48-4f2c-bdb4-0a4642f2e1b1":{"type":"newsletter","settings":{"newsletter_title":"SIGN UP TODAY!","newsletter_richtext":"<p>Get the latest deals and newest products dropped to your inbox!<\/p>","display_first_name":false,"display_last_name":false}}},"block_order":["footer-classic-0","footer-classic-1","60594955-a2c1-4fc4-b81d-ac5db68db33e","f0ef94e3-fb48-4f2c-bdb4-0a4642f2e1b1"],"settings":{"copyright_text":"<p>GOOD THINGS COME TO THOSE WHO WAKE<\/p>","display_designed_by":false,"display_shopify":false,"display_payment_methods":true,"show_locale_selector":false,"show_currency_selector":false,"css_class":"","custom_css":"label.label.newsletter__text {\n    display: none;\n}"}},"collection__banner":{"type":"collection__banner","settings":{"show_banner":false,"image_darken":false,"subtitle":"Subheading","width":"wide","banner_height":"medium","padding_top":0,"padding_bottom":0,"css_class":"","custom_css":""}},"collection__sidebar":{"type":"collection__sidebar","settings":{"show_sidebar":true,"css_class":"","custom_css":""}},"collection__main":{"type":"collection__main","settings":{"collection_breadcrumb":false,"collection_tags":true,"collection_sort":true,"show_promo_banner":false,"image_darken":false,"promo_title":"","promo_text":"","banner_height":"medium","align_height":false,"collection_height":160,"products_per_row":2,"mobile_products_per_row":"2","pagination_limit":50,"pagination_type":"infinite_scroll","width":"standard","padding_top":40,"padding_bottom":40,"css_class":"","custom_css":""}},"product__sidebar":{"type":"product__sidebar","settings":{"show_sidebar":true,"css_class":"","custom_css":""}},"product__main":{"type":"product__main","settings":{"product_breadcrumb":false,"display_thumbnails":true,"gallery_arrows":true,"enable_zoom":true,"enable_product_lightbox":true,"slideshow_speed":3,"slideshow_transition":"slide","thumbnail_position":"bottom-thumbnails","enable_thumbnail_slider":true,"display_vendor":false,"display_sku":false,"enable_shopify_product_badges":true,"display_savings":true,"display_collections":false,"display_type":false,"display_tags":false,"display_social_buttons":true,"product_description_position":"bottom","show_payment_button":true,"product_images_position":"left","set_product_height":true,"product_height":800,"video_looping":false,"width":"wide","padding_top":20,"padding_bottom":20,"animation":"none","css_class":"","custom_css":""}},"page-details__main":{"type":"page-details__main","blocks":{"1557346714271":{"type":"image_with_overlay","settings":{"image":"","mobile_image":"","link":"","pretext":"<p>fabrics and textiles<\/p>","title":"Quality Materials","subtitle":"<p>we source the finest knits and fabrics for all of our products.&nbsp;<\/p>","pretext_color":"#000000","heading_color":"#000000","subheading_color":"#000000","text_alignment":"center","text_horizontal_position":"center","text_vertical_position":"middle","background_color":"#ffffff","background_opacity":77,"border_color":"#ffffff","border_width":0,"text_width":40,"button_1":"","button_1_link":"","button_1_style":"button--secondary","button_2":"","button_2_link":"","button_2_style":"button--secondary","mobile_image_crop":"none","mobile_text_below_image":true,"pretext_color_mobile":"rgba(0,0,0,0)","heading_color_mobile":"rgba(0,0,0,0)","subheading_color_mobile":"rgba(0,0,0,0)","width":"wide","padding_top":0,"padding_bottom":0,"padding_left":0,"padding_right":0,"animation":"none"}},"1558443694396":{"type":"rich_text","settings":{"title":"Look and feel your best","heading_font":"mundo_sans_n5","heading_color":"rgba(0,0,0,0)","heading_alignment":"center","heading_size":40,"text":"<p>Our clothing is both on-trend and made to last. While trends can be creative&nbsp;and stylish, we don't want you get rid of the pieces after one season. We take the current trends, and turn them into something a bit more classic and timeless so you can feel good about wearing them&nbsp;<em>forever<\/em>.<\/p>","text_font":"mundo_sans_n4","text_color":"rgba(0,0,0,0)","text_alignment":"center","text_size":24,"columns":1,"button_label":"","button_link":"","button_alignment":"center","button_style":"button--1","background":"#fff8e7","gradient":"rgba(0,0,0,0)","gradient_rotation":180,"width":"wide","padding_top":0,"padding_bottom":0,"padding_left":0,"padding_right":0,"animation":"none"}},"1557346296504":{"type":"rich_text","settings":{"title":"Our Process","heading_font":"mundo_sans_n5","heading_color":"rgba(0,0,0,0)","heading_alignment":"center","heading_size":30,"text":"<p><strong>Inspiration.&nbsp;<\/strong>We're inspired by the trends of the season, but also by timeless silhouettes and styles. Our products are then sketched out by our designers with both of these in mind &ndash; this is where the magic happens!<\/p>\n<p><\/p>\n<p><strong>Production<\/strong>. We then meet with our production team to have the styles made in factories that are safe environments, with fair wages and hours for all employees. Ethical manufacturing is a top priority for us.<\/p>\n<p><strong>Direct to consumer.&nbsp;<\/strong>We cut out the middlemen so we can sell our products directly to you, our lovely customers! This means that we can offer lower prices&nbsp;and provide top&nbsp;and ongoing support when you need us.<\/p>","text_font":"mundo_sans_n4","text_color":"rgba(0,0,0,0)","text_alignment":"left","text_size":16,"columns":3,"button_label":"","button_link":"","button_alignment":"center","button_style":"button--1","background":"rgba(0,0,0,0)","gradient":"rgba(0,0,0,0)","gradient_rotation":180,"width":"wide","padding_top":40,"padding_bottom":80,"padding_left":0,"padding_right":0,"animation":"none"}},"1563561587425":{"type":"featured_video","settings":{"aspect_ratio":"16:9","autoplay":false,"autoloop":true,"mute_video":false,"controls":true,"iframe_video":"https:\/\/www.youtube.com\/watch?v=BTjKgSm91Ws&feature=youtu.be","html5_video":"","image":"","pretext":"","title":"Warm Sunny Days","subtitle":"","pretext_color":"#000000","heading_color":"#000000","subheading_color":"#000000","horizontal_text_position":"left","vertical_text_position":"center","text_align":"left","button_label":"Play video","button_style":"button--primary","overlay_style":"text_only","video_overlay_color":"#ffffff","gradient":"rgba(0,0,0,0)","gradient_rotation":180,"background_opacity":77,"text_width":70,"mobile_text_below_video":true,"pretext_color_mobile":"rgba(0,0,0,0)","heading_color_mobile":"rgba(0,0,0,0)","subheading_color_mobile":"rgba(0,0,0,0)","width":"wide","padding_top":20,"padding_bottom":0,"padding_left":0,"padding_right":0,"animation":"none"}},"1557346736588":{"type":"featured_collection","settings":{"title":"Picks of the Season","collection":"","products_per":5,"mobile_products_per_row":"1","products_limit":10,"align_height":false,"collection_height":200,"collection_style":"grid","width":"wide","show_gutter":true,"padding_top":20,"padding_bottom":20,"animation":"none"}},"1557346745063":{"type":"blog","settings":{"title":"What's currently trending","blog_widget_select":"news","home_page_articles":4,"blog_show_tags":true,"blog_author":true,"read_time":true,"blog_date":true,"blog_comment_count":false,"blog_show_excerpt":true,"show-border":true,"button_label":"Read more","button_type":"button--1","width":"wide","padding_top":80,"padding_bottom":20,"animation":"none"}}},"block_order":["1557346714271","1558443694396","1557346296504","1563561587425","1557346736588","1557346745063"],"settings":{"css_class":"","custom_css":""}},"popup":{"type":"popup","settings":{"show_close_icon":true,"show_popup_on_mobile":true,"display_border":false,"border_color":"#cccccc","border_width":10,"newsletter_title":"Sign up now!","newsletter_text":"<p>Receive early access to new arrivals and promotions by signing up for our newsletter below.<\/p>","newsletter_section_text_align":"center","text_color":"#000000","background_color":"#ffffff","show_signup_form":true,"display_first_name":false,"display_last_name":false,"image_cropping":"left","image_position":"left","overlay_color":"#000000","overlay_background_opacity":80,"popup_delay":2,"popup_days_to_hide":"30","animation":"none","css_class":"","custom_css":""}},"page-gallery__main":{"type":"page-gallery__main","blocks":{"page-gallery__main-0":{"type":"image","settings":{"image":"","link":""}},"page-gallery__main-1":{"type":"image","settings":{"image":"","link":""}},"page-gallery__main-4":{"type":"image","settings":{"image":"","link":""}},"page-gallery__main-7":{"type":"image","settings":{"image":"","link":""}},"1562710051140":{"type":"image","settings":{"image":"","link":""}},"page-gallery__main-5":{"type":"image","settings":{"image":"","link":""}},"page-gallery__main-3":{"type":"image","settings":{"image":"","link":""}},"page-gallery__main-2":{"type":"image","settings":{"image":"","link":""}},"page-gallery__main-6":{"type":"image","settings":{"image":"","link":""}},"1562710062633":{"type":"image","settings":{"image":"","link":""}}},"block_order":["page-gallery__main-0","page-gallery__main-1","page-gallery__main-4","page-gallery__main-7","1562710051140","page-gallery__main-5","page-gallery__main-3","page-gallery__main-2","page-gallery__main-6","1562710062633"],"settings":{"gallery_type":"horizontal-masonry","crop_images":false,"images_per_row":5,"enable_lightbox":true,"overlay_color":"#056486","link_color":"#ffffff","width":"wide","show_gutter":true,"padding_top":20,"padding_bottom":20,"css_class":"","custom_css":""}},"login-form":{"type":"login-form","settings":{"richtext":"","image_position":"right","width":"standard","padding_top":40,"padding_bottom":40,"css_class":"","custom_css":""}},"page-faq__banner":{"type":"page-faq__banner","settings":{"show_banner":true,"image":"shopify:\/\/shop_images\/PommelloNewYears2021HowItWorksSection6_2000x_28d82298-ee8e-41f6-84ed-d5ca1ed07deb.jpg","image_darken":true,"subtitle":"","width":"wide","banner_height":"medium","padding_top":0,"padding_bottom":0,"css_class":"","custom_css":""}},"page-faq__main":{"type":"page-faq__main","settings":{"width":"standard","padding_top":40,"padding_bottom":40,"css_class":"","custom_css":""}},"page-faq__column1":{"type":"page-faq__column1","blocks":{"1564492039250":{"type":"heading","settings":{"title":"Product Inquiries"}},"page-faq__column1-1":{"type":"content","settings":{"title":"What is your manufacturing and production process?","answer":"<p>We believe that fashion should be accessible to everyone! We value quality in the manufacturing process of all of our garments and footwear. This means that we invest in high-quality machinery and also care about the life-work balance of our sewers and employees. All items must meet our quality standards before sent out so we can continue to be proud of our work and feel good about it! <\/p>"}},"page-faq__column1-7":{"type":"content","settings":{"title":"How can I figure out my size?","answer":"<p>Sizing can vary between our items, so we recommend using the size guide to determine your ideal size. A link to the &#x27;size guide&#x27; will be included on every product page with detailed measurements. If you have any questions about sizing, feel free to reach out :)<\/p>"}},"1563557323732":{"type":"content","settings":{"title":"What if a product or size is out of stock?","answer":"<p>If a product or size is out of stock, you can fill out the &#x27;back in stock&#x27; form to get notified of when we&#x27;ve restocked the product!<\/p>"}},"page-faq__column1-6":{"type":"content","settings":{"title":"Can I return or exchange items?","answer":"<p>No returns due to COVID 19<\/p>"}},"page-faq__column1-5":{"type":"content","settings":{"title":"Do you ship internationally?","answer":"<p>Yes! We now ship worldwide. Shipping rates will vary on your country and preferred method. Please keep in mind your package may take a bit longer than expected due to customs.<\/p>"}}},"block_order":["1564492039250","page-faq__column1-1","page-faq__column1-7","1563557323732","page-faq__column1-6","page-faq__column1-5"],"settings":{"padding_top":0,"padding_bottom":0,"css_class":"","custom_css":""}},"page-faq__column2":{"type":"page-faq__column2","blocks":{"page-faq__column2-0":{"type":"image","settings":{"image":"shopify:\/\/shop_images\/5ef0c0231918240c6764c1b4.jpg"}}},"block_order":["page-faq__column2-0"],"settings":{"padding_top":0,"padding_bottom":0,"css_class":"","custom_css":""}},"fixed-message":{"type":"fixed-message","settings":{"text":"","button_label":"I agree","button_style":"button--primary","background":"#056486","background_opacity":60,"text_color":"#ffffff","width":"wide","css_class":"","custom_css":""}},"product__recommendations":{"type":"product__recommendations","settings":{"show_product_recommendations":false,"product_recommendations_style":"slider","product_recommendations_heading":"You may also like","products_per":4,"recommended_products_limit":4,"align_height":true,"collection_height":250,"width":"wide","padding_top":20,"padding_bottom":0,"padding_left":0,"padding_right":0,"animation":"none","css_class":"","custom_css":""}},"page-contact__banner":{"type":"page-contact__banner","settings":{"show_banner":true,"image":"shopify:\/\/shop_images\/PommelloNewYears2021HowItWorksSection5_2000x_9f9516f4-ac81-4d6e-83cf-885767bff2c9.jpg","image_darken":true,"subtitle":"","width":"wide","banner_height":"medium","padding_top":0,"padding_bottom":0,"css_class":"","custom_css":""}},"page-contact__main":{"type":"page-contact__main","blocks":{"page-contact__main-0":{"type":"textfield","settings":{"label":"Name","required":true}},"page-contact__main-1":{"type":"email","settings":{"label":"Email"}},"1564155225730":{"type":"textfield","settings":{"label":"Order number","required":false}},"1564155262104":{"type":"dropdown","settings":{"label":"Topic","required":true,"options_1":"Products","options_2":"Orders + Payments","options_3":"Returns + Exchanges","options_4":"Shipping + Tracking","options_5":"Other","options_6":"","options_7":"","options_8":"","options_9":"","options_10":""}},"page-contact__main-2":{"type":"textarea","settings":{"label":"Message","required":true}}},"block_order":["page-contact__main-0","page-contact__main-1","1564155225730","1564155262104","page-contact__main-2"],"settings":{"title":"Get in touch with us!","content_text":"<p>We&#x27;re happy to help answer any questions you may have about your orders, our products + company! Please feel free to fill out the contact form, and we&#x27;ll get back to you as quickly as we can! <\/p><p><\/p><p><em>Please note, we are available from Monday–Friday 7am–7pm. PST<\/em><\/p>","social_enable":true,"text_alignment":"left","background":"#056486","text_color":"#000000","form_position":"right","width":"standard","padding_top":40,"padding_bottom":40,"css_class":"","custom_css":""}},"page-contact__sections":{"type":"page-contact__sections","blocks":{"page-contact__sections-1":{"type":"map","settings":{"map_address":"california","map_height":400,"zoom_level":5,"api_key":"","show_pin":false,"map_style":"aubergine","width":"standard","padding_top":0,"padding_bottom":80,"padding_left":0,"padding_right":0,"animation":"none"}}},"block_order":["page-contact__sections-1"],"settings":{}},"article__banner":{"type":"article__banner","settings":{"show_banner":true,"image_darken":true,"width":"standard","banner_height":"medium","padding_top":0,"padding_bottom":0,"css_class":"","custom_css":""}},"article__sidebar":{"type":"article__sidebar","settings":{"show_sidebar":false,"sidebar_position":"left","css_class":"","custom_css":""}},"article__main":{"type":"article__main","settings":{"show_breadcrumb":true,"blog_author":true,"blog_date":true,"read_time":true,"blog_comment_count":true,"show_tags":false,"show_featured_image":false,"width":"standard","padding_top":40,"padding_bottom":40,"css_class":"","custom_css":""}},"search__banner":{"type":"search__banner","settings":{"show_banner":false,"image":"","image_darken":false,"width":"wide","banner_height":"medium","padding_top":0,"padding_bottom":0,"css_class":"","custom_css":""}},"search__sidebar":{"type":"search__sidebar","blocks":{"search__sidebar-0":{"type":"featured_promo","settings":{"promo_background":"#eeeeee","promo_text":"#000000","promo_image":"","richtext":"<p>Use this area for promotional information.<\/p>","promo_link":"","button_label":"Shop now","button_style":"button--primary"}},"search__sidebar-1":{"type":"menu","settings":{"menu":""}},"search__sidebar-2":{"type":"text","settings":{"title":"Heading","text":"<p>Text area can be used for details about blog authors or general information.<\/p>"}}},"block_order":["search__sidebar-0","search__sidebar-1","search__sidebar-2"],"settings":{"show_sidebar":false,"css_class":"","custom_css":""}},"search__main":{"type":"search__main","settings":{"search_breadcrumb":true,"text":"<p>Find what you seek.<\/p>","products_per_row":3,"mobile_products_per_row":"2","pagination_limit":48,"pagination_type":"basic_pagination","align_height":false,"collection_height":200,"blog_author":false,"blog_date":true,"width":"standard","padding_top":40,"padding_bottom":40,"css_class":"","custom_css":""}},"footer-centered":{"type":"footer-centered","blocks":{"footer-centered-0":{"type":"logo","settings":{"logo":"","size":"small"}},"footer-centered-1":{"type":"link_list","settings":{"menu":"main-menu"}},"footer-centered-2":{"type":"text","settings":{"title":"Title","content":"<p>Use this text to share information about your brand with your customers. Describe a product, share announcements, or welcome customers to your store.<\/p>"}},"footer-centered-3":{"type":"social","settings":{}}},"block_order":["footer-centered-0","footer-centered-1","footer-centered-2","footer-centered-3"],"settings":{"copyright_text":"","display_designed_by":true,"display_shopify":true,"display_payment_methods":true,"show_locale_selector":true,"show_currency_selector":true,"css_class":"","custom_css":""}},"footer-promotional":{"type":"footer-promotional","blocks":{"footer-promotional-0":{"type":"logo","settings":{"logo":"","size":"small","alignment":"start"}},"footer-promotional-1":{"type":"link_list","settings":{"menu_1":"main-menu","menu_2":"","menu_3":""}},"footer-promotional-2":{"type":"text","settings":{"title":"Title","content":"<p>Use this text to share information about your brand with your customers. Describe a product, share announcements, or welcome customers to your store.<\/p>"}}},"block_order":["footer-promotional-0","footer-promotional-1","footer-promotional-2"],"settings":{"copyright_text":"","display_designed_by":true,"display_shopify":true,"display_payment_methods":true,"show_locale_selector":true,"show_currency_selector":true,"enable_promo":true,"promo_background":"#eeeeee","promo_text":"#000000","promo_position":"row-reverse","promo_image":"","richtext":"<p>Use this area for promotional information.<\/p>","promo_link":"","button_label":"Shop now","button_style":"button--primary","css_class":"","custom_css":""}},"header-search-focus":{"type":"header-search-focus","settings":{"logo_width":200,"search_background":"#363636","search_icon":"#FFFFFF","icon_style":"icons","main_linklist":"main-menu","menu_alignment":"start","dropdown_click":false,"enable_sticky":false,"sticky_background_opacity":100,"scroll_logo_width":200,"width":"standard","css_class":"","custom_css":""}},"header-vertical":{"type":"header-vertical","blocks":{"header-vertical-0":{"type":"logo","settings":{"logo_width":80}},"header-vertical-1":{"type":"icons","settings":{"icon_style":"icons","display_search":false}},"header-vertical-2":{"type":"search","settings":{}},"header-vertical-3":{"type":"navigation","settings":{"main_linklist":"main-menu","nav_background":"rgba(0,0,0,0)","nav_link_color":"rgba(0,0,0,0)","nav_link_hover_color":"rgba(0,0,0,0)"}},"header-vertical-4":{"type":"payment_icons","settings":{}},"header-vertical-5":{"type":"copyright","settings":{"copyright_text":"","display_designed_by":true,"display_shopify":true}}},"block_order":["header-vertical-0","header-vertical-1","header-vertical-2","header-vertical-3","header-vertical-4","header-vertical-5"],"settings":{"alignment":"left","dropdown_click":false,"css_class":"","custom_css":""}},"page__banner":{"type":"page__banner","settings":{"image":"shopify:\/\/shop_images\/ambassadors.jpg","image_darken":false,"width":"wide","banner_height":"medium","padding_top":0,"padding_bottom":0,"css_class":"","custom_css":"h1.banner__heading.title {\n    display: none;\n}"}},"160825880467580cef":{"type":"index__video","disabled":true,"settings":{"aspect_ratio":"16:9","autoplay":true,"autoloop":true,"mute_video":false,"controls":false,"iframe_video":"","html5_video":"https:\/\/cdn.shopify.com\/s\/files\/1\/0066\/2870\/4345\/t\/6\/assets\/Landing_Page_Short_Vid_FINAL_1.mp4","pretext":"","title":"","subtitle":"","pretext_color":"#000000","heading_color":"#000000","subheading_color":"#000000","horizontal_text_position":"center","vertical_text_position":"center","text_align":"center","button_label":"","button_style":"button--secondary","overlay_style":"none","video_overlay_color":"#ffffff","gradient":"rgba(0,0,0,0)","gradient_rotation":180,"background_opacity":77,"text_width":70,"mobile_text_below_video":false,"pretext_color_mobile":"rgba(0,0,0,0)","heading_color_mobile":"rgba(0,0,0,0)","subheading_color_mobile":"rgba(0,0,0,0)","width":"wide","padding_top":20,"padding_bottom":0,"padding_left":0,"padding_right":0,"animation":"none","css_class":"","custom_css":""}},"1608258816867ac4c7":{"type":"index__image-with-text-overlay","settings":{"image":"shopify:\/\/shop_images\/image.jpg","mobile_image":"shopify:\/\/shop_images\/image.jpg","pretext":"","title":"","subtitle":"","pretext_color":"#ffffff","heading_color":"#ffffff","subheading_color":"#ffffff","text_alignment":"center","text_horizontal_position":"center","text_vertical_position":"middle","background_color":"#000000","background_opacity":40,"border_color":"#ffffff","border_width":0,"text_width":40,"button_1":"","button_1_style":"button--secondary","button_2":"","button_2_style":"button--secondary","mobile_image_crop":"none","mobile_text_below_image":true,"pretext_color_mobile":"rgba(0,0,0,0)","heading_color_mobile":"rgba(0,0,0,0)","subheading_color_mobile":"rgba(0,0,0,0)","width":"wide","padding_top":0,"padding_bottom":0,"padding_left":0,"padding_right":0,"animation":"none","css_class":"","custom_css":""}},"1608261313275ff353":{"type":"index__image-with-text-overlay","settings":{"image":"shopify:\/\/shop_images\/PommelloNewYears2021HowItWorksSection5_2000x_9f9516f4-ac81-4d6e-83cf-885767bff2c9.jpg","mobile_image":"shopify:\/\/shop_images\/PommelloNewYears2021HowItWorksSection5_2000x_9f9516f4-ac81-4d6e-83cf-885767bff2c9.jpg","pretext":"","title":"","subtitle":"","pretext_color":"#ffffff","heading_color":"#ffffff","subheading_color":"#000000","text_alignment":"center","text_horizontal_position":"center","text_vertical_position":"middle","background_color":"#000000","background_opacity":33,"border_color":"#ffffff","border_width":1,"text_width":40,"button_1":"","button_1_link":"shopify:\/\/products\/high-waist-fit-carved-design-yoga-pants-leggings","button_1_style":"button--secondary","button_2":"","button_2_style":"button--secondary","mobile_image_crop":"none","mobile_text_below_image":true,"pretext_color_mobile":"rgba(0,0,0,0)","heading_color_mobile":"rgba(0,0,0,0)","subheading_color_mobile":"rgba(0,0,0,0)","width":"wide","padding_top":0,"padding_bottom":0,"padding_left":0,"padding_right":0,"animation":"none","css_class":"","custom_css":""}},"1608261464e729a12e":{"type":"index__image-with-text-overlay","settings":{"image":"shopify:\/\/shop_images\/PommelloNewYears2021HowItWorksSection6_2000x_28d82298-ee8e-41f6-84ed-d5ca1ed07deb.jpg","pretext":"","title":"","subtitle":"","pretext_color":"#000000","heading_color":"#000000","subheading_color":"#000000","text_alignment":"left","text_horizontal_position":"left","text_vertical_position":"middle","background_color":"#5571d2","background_opacity":77,"border_color":"#ffffff","border_width":0,"text_width":40,"button_1":"","button_1_style":"button--secondary","button_2":"","button_2_style":"button--secondary","mobile_image_crop":"none","mobile_text_below_image":true,"pretext_color_mobile":"rgba(0,0,0,0)","heading_color_mobile":"rgba(0,0,0,0)","subheading_color_mobile":"rgba(0,0,0,0)","width":"wide","padding_top":0,"padding_bottom":0,"padding_left":0,"padding_right":0,"animation":"none","css_class":"","custom_css":""}},"1609250465bdb79755":{"type":"index__collection-list","blocks":{"1609250465bdb79755-0":{"type":"collection","settings":{"feature_collection":"yoga-mats","title":"","button_label":"View products"}},"1609250465bdb79755-2":{"type":"collection","settings":{"feature_collection":"yoga-pants","title":"","button_label":"View products"}}},"block_order":["1609250465bdb79755-0","1609250465bdb79755-2"],"settings":{"collections_per_row":2,"align_height":false,"collection_height":400,"button_style":"button--secondary","overlay_background":"#000000","overlay_background_opacity":70,"overlay_text":"#ffffff","collection_title_below_image":false,"width":"standard","show_gutter":true,"padding_top":20,"padding_bottom":20,"animation":"none","css_class":"","custom_css":""}},"1609653062256beafd":{"type":"index__featured-product","disabled":true,"settings":{"featured_product":"","display_thumbnails":true,"gallery_arrows":true,"enable_zoom":true,"enable_product_lightbox":true,"slideshow_speed":0,"slideshow_transition":"slide","thumbnail_position":"bottom-thumbnails","enable_thumbnail_slider":true,"display_vendor":false,"display_sku":false,"enable_shopify_product_badges":false,"display_savings":true,"show_description":true,"custom_description":"","product_description_position":"top","display_collections":false,"display_type":false,"display_tags":false,"display_social_buttons":false,"show_payment_button":true,"product_images_position":"left","set_product_height":false,"product_height":500,"video_looping":false,"width":"standard","padding_top":20,"padding_bottom":20,"animation":"none","css_class":"","custom_css":""}},"160967950071cf33c2":{"type":"index__contact-form","blocks":{"16096795008e4cabe5-0":{"type":"textfield","settings":{"label":"Name","required":true}},"16096795008e4cabe5-1":{"type":"email","settings":{"label":"Email"}},"16096795008e4cabe5-2":{"type":"textarea","settings":{"label":"Message","required":false}}},"block_order":["16096795008e4cabe5-0","16096795008e4cabe5-1","16096795008e4cabe5-2"],"settings":{"title":"Get in touch today","content_text":"<p>Customize your contact form to suit your business! Add custom fields like a dropdown menu, checkbox, text fields and more, so that you can gather pertinent info from shoppers right from the get-go, to help answer their inquiries more effectively.<\/p>","social_enable":true,"text_alignment":"left","background":"#e5e5e5","text_color":"#000000","form_position":"right","width":"standard","padding_top":40,"padding_bottom":40,"animation":"none","css_class":"","custom_css":""}},"1610684320fe1511d6":{"type":"index__featured-product","disabled":true,"settings":{"featured_product":"monstera-leaf-womens-casual-yoga-pants-leggings","display_thumbnails":true,"gallery_arrows":true,"enable_zoom":true,"enable_product_lightbox":true,"slideshow_speed":0,"slideshow_transition":"slide","thumbnail_position":"bottom-thumbnails","enable_thumbnail_slider":true,"display_vendor":false,"display_sku":false,"enable_shopify_product_badges":false,"display_savings":true,"show_description":false,"custom_description":"","product_description_position":"top","display_collections":false,"display_type":false,"display_tags":false,"display_social_buttons":false,"show_payment_button":true,"product_images_position":"left","set_product_height":false,"product_height":500,"video_looping":false,"width":"standard","padding_top":20,"padding_bottom":20,"animation":"none","css_class":"","custom_css":""}}},"content_for_index":["160825880467580cef","1608261313275ff353","1608258816867ac4c7","1610684320fe1511d6","1609250465bdb79755","1608261464e729a12e","1609653062256beafd","160967950071cf33c2"]}}